Time (s),Ux,Uy,Uz,p
1,0.0,0.0,0.0,0.0
2,0.0,0.0,0.0,0.03382504125066426
3,0.0,0.0,0.0,0.4210696225953816
4,0.0,0.0,0.0,0.7117878160376994
5,0.0,0.0,0.0,0.7015124450492173
6,0.0,0.0,0.0,0.5372567987465862
7,0.0,0.0,0.0,0.46592357486704544
8,0.0,0.0,0.0,0.5714009916635824
9,0.0,0.0,0.0,0.7326522870913087
10,0.0,0.0,0.0,0.7932561880876584
11,0.0,0.0,0.0,0.7297666081714573
12,0.0,0.0,0.0,0.6413279327349988
13,0.0,0.0,0.0,0.6214676811866691
14,0.0,0.0,0.0,0.670963845077353
15,0.0,0.0,0.0,0.7234472549308301
16,0.0,0.0,0.0,0.7277320950147077
17,0.0,0.0,0.0,0.6942982349178353
18,0.0,0.0,0.0,0.6668730897131575
19,0.0,0.0,0.0,0.6713089051046383
20,0.0,0.0,0.0,0.6964654213952766
21,0.0,0.0,0.0,0.7155206407557761
22,0.0,0.0,0.0,0.7149100697672145
23,0.0,0.0,0.0,0.7016741925770271
24,0.0,0.0,0.0,0.6910738748255928
25,0.0,0.0,0.0,0.6911268763733813
26,0.0,0.0,0.0,0.6988703982088412
27,0.0,0.0,0.0,0.7051525598109007
28,0.0,0.0,0.0,0.7042504818793296
29,0.0,0.0,0.0,0.6988888785271707
30,0.0,0.0,0.0,0.6962156912411531
31,0.0,0.0,0.0,0.7000072833787926
32,0.0,0.0,0.0,0.707102417034369
33,0.0,0.0,0.0,0.712832355601598
34,0.0,0.0,0.0,0.7156567455769248
35,0.0,0.0,0.0,0.7189726385572197
36,0.0,0.0,0.0,0.7245063845989359
37,0.0,0.0,0.0,0.730773706539093
38,0.0,0.0,0.0,0.7375221869719649
39,0.0,0.0,0.0,0.7453964603400481
40,0.0,0.0,0.0,0.755082687523853
41,0.0,0.0,0.0,0.7635366557636104
42,0.0,0.0,0.0,0.7689275868523605
43,0.0,0.0,0.0,0.7727884037058159
44,0.0,0.0,0.0,0.7770261020574977
45,0.0,0.0,0.0,0.7831989093898176
46,0.0,0.0,0.0,0.7878952926006334
47,0.0,0.0,0.0,0.793555629103517
48,0.0,0.0,0.0,0.801005177844975
49,0.0,0.0,0.0,0.8053212963690118
50,0.0,0.0,0.0,0.8103253680118805
51,0.0,0.0,0.0,0.8193120765182028
52,0.0,0.0,0.0,0.8332716031910892
53,0.0,0.0,0.0,0.8484933604486492
54,0.0,0.0,0.0,0.8606125774104285
55,0.0,0.0,0.0,0.8687898003040901
56,0.0,0.0,0.0,0.8774434052296027
57,0.0,0.0,0.0,0.888617122823606
58,0.0,0.0,0.0,0.9018082913831427
59,0.0,0.0,0.0,0.9126375528728008
60,0.0,0.0,0.0,0.9197760162445877
61,0.0,0.0,0.0,0.9271074165253494
62,0.0,0.0,0.0,0.9309259601196433
63,0.0,0.0,0.0,0.9279875540268049
64,0.0,0.0,0.0,0.9222909704101228
65,0.0,0.0,0.0,0.9192115619321887
66,0.0,0.0,0.0,0.9170544380303826
67,0.0,0.0,0.0,0.9123295668547571
68,0.0,0.0,0.0,0.9020415714196395
69,0.0,0.0,0.0,0.891185225171122
70,0.0,0.0,0.0,0.8845872523157362
71,0.0,0.0,0.0,0.881713725255208
72,0.0,0.0,0.0,0.8796250547538028
73,0.0,0.0,0.0,0.8780573816369289
74,0.0,0.0,0.0,0.8784507401546031
75,0.0,0.0,0.0,0.8814830460808872
76,0.0,0.0,0.0,0.8854956916074775
77,0.0,0.0,0.0,0.8886834512666034
78,0.0,0.0,0.0,0.8913052051890099
79,0.0,0.0,0.0,0.8951469548840884
80,0.0,0.0,0.0,0.90060892539225
81,0.0,0.0,0.0,0.906919843561644
82,0.0,0.0,0.0,0.9121368939878927
83,0.0,0.0,0.0,0.9154486022997337
84,0.0,0.0,0.0,0.9176143342756227
85,0.0,0.0,0.0,0.9194407131259056
86,0.0,0.0,0.0,0.9209007701019782
87,0.0,0.0,0.0,0.9213385473199754
88,0.0,0.0,0.0,0.9213762432065639
89,0.0,0.0,0.0,0.92218144241682
90,0.0,0.0,0.0,0.9238636351396033
91,0.0,0.0,0.0,0.9260340749707774
92,0.0,0.0,0.0,0.9277827709729617
93,0.0,0.0,0.0,0.9284859083898964
94,0.0,0.0,0.0,0.928602204718974
95,0.0,0.0,0.0,0.9301041154689219
96,0.0,0.0,0.0,0.9328334610228707
97,0.0,0.0,0.0,0.9356748951380196
98,0.0,0.0,0.0,0.9374026138434745
99,0.0,0.0,0.0,0.9389416393114332
100,0.0,0.0,0.0,0.9406421020216236
101,0.0,0.0,0.0,0.942993589445483
102,0.0,0.0,0.0,0.9446896915850953
103,0.0,0.0,0.0,0.9457481827757573
104,0.0,0.0,0.0,0.9472798667746597
105,0.0,0.0,0.0,0.9488890262888925
106,0.0,0.0,0.0,0.9498691362246615
107,0.0,0.0,0.0,0.9501333221709315
108,0.0,0.0,0.0,0.949882316537438
109,0.0,0.0,0.0,0.9498310487325156
110,0.0,0.0,0.0,0.9501956946388871
111,0.0,0.0,0.0,0.9508616950578024
112,0.0,0.0,0.0,0.9514226766516389
113,0.0,0.0,0.0,0.9520611140884309
114,0.0,0.0,0.0,0.9527196898974284
115,0.0,0.0,0.0,0.9533099296745341
116,0.0,0.0,0.0,0.9537213550608263
117,0.0,0.0,0.0,0.9539957491563432
118,0.0,0.0,0.0,0.9540699357047308
119,0.0,0.0,0.0,0.9540669788853682
120,0.0,0.0,0.0,0.9542936309699575
121,0.0,0.0,0.0,0.9546021546192676
122,0.0,0.0,0.0,0.9549279213444445
123,0.0,0.0,0.0,0.9552170572006529
124,0.0,0.0,0.0,0.9554764247732985
125,0.0,0.0,0.0,0.9557463394661689
126,0.0,0.0,0.0,0.9560632125322778
127,0.0,0.0,0.0,0.9563924707559781
128,0.0,0.0,0.0,0.9567213987757761
129,0.0,0.0,0.0,0.9571555416197627
130,0.0,0.0,0.0,0.9578123291595393
131,0.0,0.0,0.0,0.9585846239094973
132,0.0,0.0,0.0,0.9590978467882002
133,0.0,0.0,0.0,0.9590937229304451
134,0.0,0.0,0.0,0.9588234789314409
135,0.0,0.0,0.0,0.958795994137281
136,0.0,0.0,0.0,0.9591996890030481
137,0.0,0.0,0.0,0.9600007010958878
138,0.0,0.0,0.0,0.9610305337751709
139,0.0,0.0,0.0,0.9621011599976186
140,0.0,0.0,0.0,0.9631165440992087
141,0.0,0.0,0.0,0.9640129313215429
142,0.0,0.0,0.0,0.9648460145670111
143,0.0,0.0,0.0,0.9655526346868365
144,0.0,0.0,0.0,0.9660707715631126
145,0.0,0.0,0.0,0.9664336660587478
146,0.0,0.0,0.0,0.9667151010582736
147,0.0,0.0,0.0,0.9670774529911625
148,0.0,0.0,0.0,0.967626613747208
149,0.0,0.0,0.0,0.9682180727350156
150,0.0,0.0,0.0,0.9685199388471081
151,0.0,0.0,0.0,0.968458048655761
152,0.0,0.0,0.0,0.9682180775022912
153,0.0,0.0,0.0,0.968092818598364
154,0.0,0.0,0.0,0.9682026438226554
155,0.0,0.0,0.0,0.9685278904364383
156,0.0,0.0,0.0,0.9689729294112853
157,0.0,0.0,0.0,0.9695587111340732
158,0.0,0.0,0.0,0.9703015433147449
159,0.0,0.0,0.0,0.9712047260040253
160,0.0,0.0,0.0,0.9721476308880652
161,0.0,0.0,0.0,0.9731220539082495
162,0.0,0.0,0.0,0.9742105054424685
163,0.0,0.0,0.0,0.9754936950591904
164,0.0,0.0,0.0,0.9769966703395001
165,0.0,0.0,0.0,0.9786465420230159
166,0.0,0.0,0.0,0.9803563176769459
167,0.0,0.0,0.0,0.9820255888174151
168,0.0,0.0,0.0,0.9836243884184699
169,0.0,0.0,0.0,0.9851344428891355
170,0.0,0.0,0.0,0.9865448205769033
171,0.0,0.0,0.0,0.987838877792224
172,0.0,0.0,0.0,0.9889790313104273
173,0.0,0.0,0.0,0.9899209646536483
174,0.0,0.0,0.0,0.9906630181655919
175,0.0,0.0,0.0,0.9911205372080482
176,0.0,0.0,0.0,0.9913086069140725
177,0.0,0.0,0.0,0.9912657363379229
178,0.0,0.0,0.0,0.9911160174397301
179,0.0,0.0,0.0,0.9908480248996039
180,0.0,0.0,0.0,0.9904474318972527
181,0.0,0.0,0.0,0.989922941095508
182,0.0,0.0,0.0,0.9892764921776951
183,0.0,0.0,0.0,0.9885100909764379
184,0.0,0.0,0.0,0.9877183614406398
185,0.0,0.0,0.0,0.9868924370566831
186,0.0,0.0,0.0,0.9862226245609197
187,0.0,0.0,0.0,0.9857798324204613
188,0.0,0.0,0.0,0.9853695727857004
189,0.0,0.0,0.0,0.9849136344905051
190,0.0,0.0,0.0,0.9845025552591236
191,0.0,0.0,0.0,0.9841620517118745
192,0.0,0.0,0.0,0.9839385539575073
193,0.0,0.0,0.0,0.9837426958882497
194,0.0,0.0,0.0,0.9836518806803504
195,0.0,0.0,0.0,0.9836236490070354
196,0.0,0.0,0.0,0.983723068358826
197,0.0,0.0,0.0,0.9838686444265413
198,0.0,0.0,0.0,0.9841219798532322
199,0.0,0.0,0.0,0.9844346330556838
200,0.0,0.0,0.0,0.9848576257824208
201,0.0,0.0,0.0,0.9853868218050446
202,0.0,0.0,0.0,0.9859938556470338
203,0.0,0.0,0.0,0.9865990587498183
204,0.0,0.0,0.0,0.9872489670535279
205,0.0,0.0,0.0,0.9879531112580666
206,0.0,0.0,0.0,0.9886524594368132
207,0.0,0.0,0.0,0.9892974963771379
208,0.0,0.0,0.0,0.989883820073679
209,0.0,0.0,0.0,0.9904115896331502
210,0.0,0.0,0.0,0.990897021482247
211,0.0,0.0,0.0,0.9913784273606998
212,0.0,0.0,0.0,0.9918576177427751
213,0.0,0.0,0.0,0.9923305376936391
214,0.0,0.0,0.0,0.9927528346479878
215,0.0,0.0,0.0,0.9931410818839029
216,0.0,0.0,0.0,0.9935135712279475
217,0.0,0.0,0.0,0.9938811505652949
218,0.0,0.0,0.0,0.9942489479051124
219,0.0,0.0,0.0,0.9945952322267004
220,0.0,0.0,0.0,0.9948903336244344
221,0.0,0.0,0.0,0.9950908806137362
222,0.0,0.0,0.0,0.9952466191301755
223,0.0,0.0,0.0,0.995360533154629
224,0.0,0.0,0.0,0.9954320972640539
225,0.0,0.0,0.0,0.9954965152431461
226,0.0,0.0,0.0,0.9956052768544774
227,0.0,0.0,0.0,0.9957598762686535
228,0.0,0.0,0.0,0.9959403841721656
229,0.0,0.0,0.0,0.9961218939460802
230,0.0,0.0,0.0,0.9963116839336544
231,0.0,0.0,0.0,0.9965098811628871
232,0.0,0.0,0.0,0.9966994890944283
233,0.0,0.0,0.0,0.9968514631496631
234,0.0,0.0,0.0,0.9969619604349016
235,0.0,0.0,0.0,0.9970271058313837
236,0.0,0.0,0.0,0.9970402960678042
237,0.0,0.0,0.0,0.9969999761430474
238,0.0,0.0,0.0,0.9969061072620902
239,0.0,0.0,0.0,0.9967822297276343
240,0.0,0.0,0.0,0.996672290308258
241,0.0,0.0,0.0,0.9965819140984563
242,0.0,0.0,0.0,0.9964861734254638
243,0.0,0.0,0.0,0.9963808677713745
244,0.0,0.0,0.0,0.9963142730266741
245,0.0,0.0,0.0,0.9963121103647774
246,0.0,0.0,0.0,0.9963651475518702
247,0.0,0.0,0.0,0.9964364745433161
248,0.0,0.0,0.0,0.9964828623641342
249,0.0,0.0,0.0,0.9964999841787816
250,0.0,0.0,0.0,0.9965050887138907
251,0.0,0.0,0.0,0.9965078032017914
252,0.0,0.0,0.0,0.9965104385343521
253,0.0,0.0,0.0,0.9965337739495003
254,0.0,0.0,0.0,0.9965518381390914
255,0.0,0.0,0.0,0.9965405147168207
256,0.0,0.0,0.0,0.9965372987422068
257,0.0,0.0,0.0,0.9965441426297537
258,0.0,0.0,0.0,0.9965636816370596
259,0.0,0.0,0.0,0.9965942508158142
260,0.0,0.0,0.0,0.9966354384061812
261,0.0,0.0,0.0,0.996684394524987
262,0.0,0.0,0.0,0.9967366155369747
263,0.0,0.0,0.0,0.9967795538776917
264,0.0,0.0,0.0,0.9968243680388011
265,0.0,0.0,0.0,0.9968742302505654
266,0.0,0.0,0.0,0.9969320739493152
267,0.0,0.0,0.0,0.9970032115847811
268,0.0,0.0,0.0,0.9970839707696847
269,0.0,0.0,0.0,0.9971602127939038
270,0.0,0.0,0.0,0.9972364480214979
271,0.0,0.0,0.0,0.9973621276522375
272,0.0,0.0,0.0,0.9975234362761888
273,0.0,0.0,0.0,0.9976889190989707
274,0.0,0.0,0.0,0.9978524156794021
275,0.0,0.0,0.0,0.9980161719433938
276,0.0,0.0,0.0,0.9982024487806953
277,0.0,0.0,0.0,0.9983938696656298
278,0.0,0.0,0.0,0.9985789294518714
279,0.0,0.0,0.0,0.9987444623569292
280,0.0,0.0,0.0,0.9989027084657839
281,0.0,0.0,0.0,0.9990652730536166
282,0.0,0.0,0.0,0.9992311063648721
283,0.0,0.0,0.0,0.9993857177016996
284,0.0,0.0,0.0,0.9995143268064511
285,0.0,0.0,0.0,0.9996186280878088
286,0.0,0.0,0.0,0.9997146403741527
287,0.0,0.0,0.0,0.9998092390213337
288,0.0,0.0,0.0,0.9998907427686855
289,0.0,0.0,0.0,0.999947438476728
290,0.0,0.0,0.0,0.9999762579046362
291,0.0,0.0,0.0,0.9999893286932228
292,0.0,0.0,0.0,0.9999969384665591
293,0.0,0.0,0.0,1.0
294,0.0,0.0,0.0,0.9999857317113603
295,0.0,0.0,0.0,0.9999562484755499
296,0.0,0.0,0.0,0.9999148126994848
297,0.0,0.0,0.0,0.9998670898861679
298,0.0,0.0,0.0,0.9998147823796271
299,0.0,0.0,0.0,0.9997643315101464
300,0.0,0.0,0.0,0.9997154521210995
301,0.0,0.0,0.0,0.9996774067848077
302,0.0,0.0,0.0,0.9996468014258031
303,0.0,0.0,0.0,0.9996223472393682
304,0.0,0.0,0.0,0.99960568091106
305,0.0,0.0,0.0,0.9995998582682242
306,0.0,0.0,0.0,0.9995948378841891
307,0.0,0.0,0.0,0.9995833937343628
308,0.0,0.0,0.0,0.9995705257736383
309,0.0,0.0,0.0,0.9995686140710622
310,0.0,0.0,0.0,0.9995764220049355
311,0.0,0.0,0.0,0.9995883125491867
312,0.0,0.0,0.0,0.9995975592633111
313,0.0,0.0,0.0,0.9996055866275171
314,0.0,0.0,0.0,0.9996185095038316
315,0.0,0.0,0.0,0.9996418122298538
316,0.0,0.0,0.0,0.9996639308384636
317,0.0,0.0,0.0,0.9996954140812191
318,0.0,0.0,0.0,0.9997344438626369
319,0.0,0.0,0.0,0.9997701196183439
320,0.0,0.0,0.0,0.9997894622945617
321,0.0,0.0,0.0,0.9997966436449068
322,0.0,0.0,0.0,0.9997968644781146
323,0.0,0.0,0.0,0.9997984824408257
324,0.0,0.0,0.0,0.999800716893862
325,0.0,0.0,0.0,0.9997931576525779
326,0.0,0.0,0.0,0.9997743111942606
327,0.0,0.0,0.0,0.9997486223994122
328,0.0,0.0,0.0,0.9997168954383836
329,0.0,0.0,0.0,0.999678937148157
330,0.0,0.0,0.0,0.9996300773101164
331,0.0,0.0,0.0,0.9995686215191498
332,0.0,0.0,0.0,0.9995000012087668
333,0.0,0.0,0.0,0.999437218755094
334,0.0,0.0,0.0,0.9993792976858323
335,0.0,0.0,0.0,0.9993161403022504
336,0.0,0.0,0.0,0.9992457272016768
337,0.0,0.0,0.0,0.9991691965172136
338,0.0,0.0,0.0,0.9990893553443504
339,0.0,0.0,0.0,0.9990053028946382
340,0.0,0.0,0.0,0.9989168987556523
341,0.0,0.0,0.0,0.9988269122666297
342,0.0,0.0,0.0,0.9987331814528326
343,0.0,0.0,0.0,0.9986385807298969
344,0.0,0.0,0.0,0.9985494510743629
345,0.0,0.0,0.0,0.9984672554116364
346,0.0,0.0,0.0,0.9983882017370457
347,0.0,0.0,0.0,0.9983045588678947
348,0.0,0.0,0.0,0.9982188422159305
349,0.0,0.0,0.0,0.9981282651647803
350,0.0,0.0,0.0,0.9980404828759581
351,0.0,0.0,0.0,0.9979577439972381
352,0.0,0.0,0.0,0.9978828209074196
353,0.0,0.0,0.0,0.9978068842851318
354,0.0,0.0,0.0,0.9977308242562615
355,0.0,0.0,0.0,0.9976505280182786
356,0.0,0.0,0.0,0.997573520274259
357,0.0,0.0,0.0,0.997496913959491
358,0.0,0.0,0.0,0.9974316721537357
359,0.0,0.0,0.0,0.9973668763372496
360,0.0,0.0,0.0,0.9973102747396217
361,0.0,0.0,0.0,0.9972524432883624
362,0.0,0.0,0.0,0.99721017651598
363,0.0,0.0,0.0,0.9971723997748954
364,0.0,0.0,0.0,0.9971520156889786
365,0.0,0.0,0.0,0.9971275745960423
366,0.0,0.0,0.0,0.997113697479247
367,0.0,0.0,0.0,0.997088562257749
368,0.0,0.0,0.0,0.9970727902478886
369,0.0,0.0,0.0,0.9970490870528527
370,0.0,0.0,0.0,0.9970388416006991
371,0.0,0.0,0.0,0.9970232571655602
372,0.0,0.0,0.0,0.9970196222364679
373,0.0,0.0,0.0,0.9970059395838305
374,0.0,0.0,0.0,0.9970028805901999
375,0.0,0.0,0.0,0.9969943873894368
376,0.0,0.0,0.0,0.9969976174356352
377,0.0,0.0,0.0,0.9969915532109654
378,0.0,0.0,0.0,0.9969919057876876
379,0.0,0.0,0.0,0.9969812335688634
380,0.0,0.0,0.0,0.996974728145403
381,0.0,0.0,0.0,0.9969605787441611
382,0.0,0.0,0.0,0.9969519703095431
383,0.0,0.0,0.0,0.9969398153804943
384,0.0,0.0,0.0,0.9969366886633474
385,0.0,0.0,0.0,0.996934802731904
386,0.0,0.0,0.0,0.9969404122519893
387,0.0,0.0,0.0,0.9969461009416933
388,0.0,0.0,0.0,0.9969522470025151
389,0.0,0.0,0.0,0.996956417763767
390,0.0,0.0,0.0,0.9969634342102769
391,0.0,0.0,0.0,0.996970232782824
392,0.0,0.0,0.0,0.9969795752494047
393,0.0,0.0,0.0,0.9969903880287941
394,0.0,0.0,0.0,0.9970027200752569
395,0.0,0.0,0.0,0.9970147369424999
396,0.0,0.0,0.0,0.997026515528056
397,0.0,0.0,0.0,0.9970375436076863
398,0.0,0.0,0.0,0.99704963926081
399,0.0,0.0,0.0,0.9970637639564618
400,0.0,0.0,0.0,0.9970781391902147
401,0.0,0.0,0.0,0.997090566094935
402,0.0,0.0,0.0,0.9971009321854027
403,0.0,0.0,0.0,0.9971109187910804
404,0.0,0.0,0.0,0.9971199718977645
405,0.0,0.0,0.0,0.9971289778332272
406,0.0,0.0,0.0,0.9971378141350604
407,0.0,0.0,0.0,0.9971489402035366
408,0.0,0.0,0.0,0.9971611174429365
409,0.0,0.0,0.0,0.9971763106473316
410,0.0,0.0,0.0,0.9971925421576097
411,0.0,0.0,0.0,0.9972097588340842
412,0.0,0.0,0.0,0.9972247922463916
413,0.0,0.0,0.0,0.9972404090404636
414,0.0,0.0,0.0,0.9972553824165092
415,0.0,0.0,0.0,0.997271903722182
416,0.0,0.0,0.0,0.997290659148913
417,0.0,0.0,0.0,0.997310322710446
418,0.0,0.0,0.0,0.9973262817345917
419,0.0,0.0,0.0,0.9973413548111334
420,0.0,0.0,0.0,0.9973579467478076
421,0.0,0.0,0.0,0.9973801852183315
422,0.0,0.0,0.0,0.9974056245388363
423,0.0,0.0,0.0,0.9974341061719685
424,0.0,0.0,0.0,0.9974642454498943
425,0.0,0.0,0.0,0.9974962433317608
426,0.0,0.0,0.0,0.9975273443268119
427,0.0,0.0,0.0,0.9975584883219409
428,0.0,0.0,0.0,0.9975878500020355
429,0.0,0.0,0.0,0.9976165795709897
430,0.0,0.0,0.0,0.997644291202519
431,0.0,0.0,0.0,0.9976720656171605
432,0.0,0.0,0.0,0.997697958790887
433,0.0,0.0,0.0,0.9977242754971756
434,0.0,0.0,0.0,0.997749221523328
435,0.0,0.0,0.0,0.9977734384704157
436,0.0,0.0,0.0,0.9977942947825743
437,0.0,0.0,0.0,0.9978128817840041
438,0.0,0.0,0.0,0.9978284532184555
439,0.0,0.0,0.0,0.9978443311560771
440,0.0,0.0,0.0,0.9978593130350437
441,0.0,0.0,0.0,0.9978749291901471
442,0.0,0.0,0.0,0.9978881736585687
443,0.0,0.0,0.0,0.9978990953106858
444,0.0,0.0,0.0,0.997907866230697
445,0.0,0.0,0.0,0.997918283095954
446,0.0,0.0,0.0,0.9979281231975888
447,0.0,0.0,0.0,0.997937558696548
448,0.0,0.0,0.0,0.9979449827906502
449,0.0,0.0,0.0,0.9979528158263453
450,0.0,0.0,0.0,0.9979597006150125
451,0.0,0.0,0.0,0.997968453988379
452,0.0,0.0,0.0,0.9979764818434127
453,0.0,0.0,0.0,0.997985246077458
454,0.0,0.0,0.0,0.997993194095347
455,0.0,0.0,0.0,0.9980035022859923
456,0.0,0.0,0.0,0.9980153023180424
457,0.0,0.0,0.0,0.9980312868331027
458,0.0,0.0,0.0,0.9980467031338677
459,0.0,0.0,0.0,0.9980642927965736
460,0.0,0.0,0.0,0.9980803717451023
461,0.0,0.0,0.0,0.9981005944575737
462,0.0,0.0,0.0,0.9981197360425672
463,0.0,0.0,0.0,0.9981426078789657
464,0.0,0.0,0.0,0.9981605291645123
465,0.0,0.0,0.0,0.9981812073615381
466,0.0,0.0,0.0,0.9981963676429947
467,0.0,0.0,0.0,0.9982150936022143
468,0.0,0.0,0.0,0.9982285273819949
469,0.0,0.0,0.0,0.9982454930420344
470,0.0,0.0,0.0,0.9982572622072677
471,0.0,0.0,0.0,0.9982722369451372
472,0.0,0.0,0.0,0.9982809259950848
473,0.0,0.0,0.0,0.9982918660916151
474,0.0,0.0,0.0,0.9982964485645132
475,0.0,0.0,0.0,0.9983055768374465
476,0.0,0.0,0.0,0.9983102269999491
477,0.0,0.0,0.0,0.9983186613745638
478,0.0,0.0,0.0,0.9983201926517451
479,0.0,0.0,0.0,0.9983239730675278
480,0.0,0.0,0.0,0.9983210346336792
481,0.0,0.0,0.0,0.9983223629991114
482,0.0,0.0,0.0,0.9983178730677642
483,0.0,0.0,0.0,0.9983165288173622
484,0.0,0.0,0.0,0.9983075253824434
485,0.0,0.0,0.0,0.998301609346694
486,0.0,0.0,0.0,0.9982893303810182
487,0.0,0.0,0.0,0.9982811357944853
488,0.0,0.0,0.0,0.9982669380029848
489,0.0,0.0,0.0,0.9982565446974585
490,0.0,0.0,0.0,0.9982396347044219
491,0.0,0.0,0.0,0.9982269301607708
492,0.0,0.0,0.0,0.9982085298273696
493,0.0,0.0,0.0,0.9981950249900138
494,0.0,0.0,0.0,0.9981764663691348
495,0.0,0.0,0.0,0.9981633402865745
496,0.0,0.0,0.0,0.9981449760352578
497,0.0,0.0,0.0,0.9981304445558705
498,0.0,0.0,0.0,0.9981102035863927
499,0.0,0.0,0.0,0.9980946105537369
500,0.0,0.0,0.0,0.9980743289294453
501,0.0,0.0,0.0,0.9980588534312879
502,0.0,0.0,0.0,0.9980389862886953
503,0.0,0.0,0.0,0.998024379637704
504,0.0,0.0,0.0,0.9980067826500637
505,0.0,0.0,0.0,0.9979949063130439
506,0.0,0.0,0.0,0.9979800923203603
507,0.0,0.0,0.0,0.9979711730757818
508,0.0,0.0,0.0,0.997958727624913
509,0.0,0.0,0.0,0.9979507856058311
510,0.0,0.0,0.0,0.9979385041128387
511,0.0,0.0,0.0,0.9979317435589142
512,0.0,0.0,0.0,0.9979224964039374
513,0.0,0.0,0.0,0.9979191384694531
514,0.0,0.0,0.0,0.9979123694840009
515,0.0,0.0,0.0,0.9979107323361729
516,0.0,0.0,0.0,0.9979055478371965
517,0.0,0.0,0.0,0.9979057141635398
518,0.0,0.0,0.0,0.9979023772222032
519,0.0,0.0,0.0,0.9979044295656616
520,0.0,0.0,0.0,0.9979038057004267
521,0.0,0.0,0.0,0.9979094974743138
522,0.0,0.0,0.0,0.997912338983074
523,0.0,0.0,0.0,0.9979202424213125
524,0.0,0.0,0.0,0.9979248721725211
525,0.0,0.0,0.0,0.9979359018120911
526,0.0,0.0,0.0,0.9979452106078903
527,0.0,0.0,0.0,0.9979610162688991
528,0.0,0.0,0.0,0.9979741556716314
529,0.0,0.0,0.0,0.9979920710833088
530,0.0,0.0,0.0,0.9980074180113763
531,0.0,0.0,0.0,0.9980281687545237
532,0.0,0.0,0.0,0.9980449106917186
533,0.0,0.0,0.0,0.9980645703730353
534,0.0,0.0,0.0,0.9980792317361463
535,0.0,0.0,0.0,0.9980971029037207
536,0.0,0.0,0.0,0.9981107959101457
537,0.0,0.0,0.0,0.998127698121332
538,0.0,0.0,0.0,0.9981401333219331
539,0.0,0.0,0.0,0.998154971022488
540,0.0,0.0,0.0,0.9981650454542005
541,0.0,0.0,0.0,0.9981779148856232
542,0.0,0.0,0.0,0.9981863251525653
543,0.0,0.0,0.0,0.9981969297067725
544,0.0,0.0,0.0,0.9982029080937059
545,0.0,0.0,0.0,0.9982112855894196
546,0.0,0.0,0.0,0.9982145682469952
547,0.0,0.0,0.0,0.9982197651201845
548,0.0,0.0,0.0,0.9982200741078356
549,0.0,0.0,0.0,0.998222054685142
550,0.0,0.0,0.0,0.9982199716890464
551,0.0,0.0,0.0,0.9982210765904342
552,0.0,0.0,0.0,0.9982201004054925
553,0.0,0.0,0.0,0.9982237047908219
554,0.0,0.0,0.0,0.9982262986386237
555,0.0,0.0,0.0,0.9982327598768802
556,0.0,0.0,0.0,0.9982376731159013
557,0.0,0.0,0.0,0.9982460124502062
558,0.0,0.0,0.0,0.9982529597899578
559,0.0,0.0,0.0,0.998262879295024
560,0.0,0.0,0.0,0.9982724214892205
561,0.0,0.0,0.0,0.9982857257368887
562,0.0,0.0,0.0,0.9982982317451892
563,0.0,0.0,0.0,0.9983128614418805
564,0.0,0.0,0.0,0.9983258852698557
565,0.0,0.0,0.0,0.998341261785018
566,0.0,0.0,0.0,0.9983557869693167
567,0.0,0.0,0.0,0.9983724738570594
568,0.0,0.0,0.0,0.9983870045529072
569,0.0,0.0,0.0,0.9984025862661834
570,0.0,0.0,0.0,0.9984161367487324
571,0.0,0.0,0.0,0.9984312006351944
572,0.0,0.0,0.0,0.9984442769121274
573,0.0,0.0,0.0,0.998457432224817
574,0.0,0.0,0.0,0.9984674711455903
575,0.0,0.0,0.0,0.9984783587039215
576,0.0,0.0,0.0,0.9984869296589348
577,0.0,0.0,0.0,0.9984965213642621
578,0.0,0.0,0.0,0.9985024979306708
579,0.0,0.0,0.0,0.9985082875827445
580,0.0,0.0,0.0,0.9985099196331035
581,0.0,0.0,0.0,0.9985115361447494
582,0.0,0.0,0.0,0.9985100703689735
583,0.0,0.0,0.0,0.9985096046752026
584,0.0,0.0,0.0,0.998506732276423
585,0.0,0.0,0.0,0.9985056770468003
586,0.0,0.0,0.0,0.9985017997273469
587,0.0,0.0,0.0,0.9984990555827428
588,0.0,0.0,0.0,0.9984935634329516
589,0.0,0.0,0.0,0.9984899190906761
590,0.0,0.0,0.0,0.9984839640243063
591,0.0,0.0,0.0,0.998479473368319
592,0.0,0.0,0.0,0.9984728214301071
593,0.0,0.0,0.0,0.9984682258833435
594,0.0,0.0,0.0,0.9984611389968088
595,0.0,0.0,0.0,0.9984553091236347
596,0.0,0.0,0.0,0.9984469346585589
597,0.0,0.0,0.0,0.9984410569716254
598,0.0,0.0,0.0,0.9984339168561633
599,0.0,0.0,0.0,0.9984287744059513
600,0.0,0.0,0.0,0.9984215124242132
601,0.0,0.0,0.0,0.9984165224554332
602,0.0,0.0,0.0,0.9984103284880413
603,0.0,0.0,0.0,0.9984068957335642
604,0.0,0.0,0.0,0.9984026307583777
605,0.0,0.0,0.0,0.9984010098203581
606,0.0,0.0,0.0,0.9983969903554122
607,0.0,0.0,0.0,0.998394359513479
608,0.0,0.0,0.0,0.9983895677480717
609,0.0,0.0,0.0,0.9983871658317567
610,0.0,0.0,0.0,0.9983836327717267
611,0.0,0.0,0.0,0.99838289442048
612,0.0,0.0,0.0,0.9983801344908566
613,0.0,0.0,0.0,0.99837897585365
614,0.0,0.0,0.0,0.9983763253554051
615,0.0,0.0,0.0,0.9983759314260012
616,0.0,0.0,0.0,0.9983728500202846
617,0.0,0.0,0.0,0.9983701926932876
618,0.0,0.0,0.0,0.9983645410119937
619,0.0,0.0,0.0,0.9983599494614602
620,0.0,0.0,0.0,0.9983523949571099
621,0.0,0.0,0.0,0.9983451739032644
622,0.0,0.0,0.0,0.9983336419166942
623,0.0,0.0,0.0,0.9983222076851573
624,0.0,0.0,0.0,0.9983064555582817
625,0.0,0.0,0.0,0.998291644847897
626,0.0,0.0,0.0,0.9982739020398032
627,0.0,0.0,0.0,0.9982571272439233
628,0.0,0.0,0.0,0.9982354912010643
629,0.0,0.0,0.0,0.9982137490055555
630,0.0,0.0,0.0,0.9981875393639636
631,0.0,0.0,0.0,0.9981628299917349
632,0.0,0.0,0.0,0.9981351708662779
633,0.0,0.0,0.0,0.9981089704486775
634,0.0,0.0,0.0,0.9980793675954743
635,0.0,0.0,0.0,0.9980522410698535
636,0.0,0.0,0.0,0.9980230660809903
637,0.0,0.0,0.0,0.9979960265514594
638,0.0,0.0,0.0,0.9979669453642357
639,0.0,0.0,0.0,0.9979397279801568
640,0.0,0.0,0.0,0.9979109217296342
641,0.0,0.0,0.0,0.9978848173643413
642,0.0,0.0,0.0,0.9978579780496841
643,0.0,0.0,0.0,0.9978338479326975
644,0.0,0.0,0.0,0.9978087970889465
645,0.0,0.0,0.0,0.9977860608584306
646,0.0,0.0,0.0,0.9977619752461317
647,0.0,0.0,0.0,0.9977399230831013
648,0.0,0.0,0.0,0.9977164983854985
649,0.0,0.0,0.0,0.9976960716207729
650,0.0,0.0,0.0,0.9976753302479727
651,0.0,0.0,0.0,0.9976571965339738
652,0.0,0.0,0.0,0.9976377885419725
653,0.0,0.0,0.0,0.9976215282370632
654,0.0,0.0,0.0,0.9976048880636257
655,0.0,0.0,0.0,0.9975909996631473
656,0.0,0.0,0.0,0.9975760365266603
657,0.0,0.0,0.0,0.9975648638349052
658,0.0,0.0,0.0,0.9975539319807109
659,0.0,0.0,0.0,0.9975468366537242
660,0.0,0.0,0.0,0.9975393089253648
661,0.0,0.0,0.0,0.9975355901396952
662,0.0,0.0,0.0,0.9975311069942645
663,0.0,0.0,0.0,0.9975294756150007
664,0.0,0.0,0.0,0.9975270320996978
665,0.0,0.0,0.0,0.9975279326864618
666,0.0,0.0,0.0,0.9975273691145041
667,0.0,0.0,0.0,0.9975284866042844
668,0.0,0.0,0.0,0.997526957882977
669,0.0,0.0,0.0,0.9975273610167391
670,0.0,0.0,0.0,0.9975264233573113
671,0.0,0.0,0.0,0.9975278169546399
672,0.0,0.0,0.0,0.9975276377275594
673,0.0,0.0,0.0,0.9975302012850439
674,0.0,0.0,0.0,0.9975313262478993
675,0.0,0.0,0.0,0.9975345467470523
676,0.0,0.0,0.0,0.9975354507660408
677,0.0,0.0,0.0,0.9975380895076229
678,0.0,0.0,0.0,0.9975389400370988
679,0.0,0.0,0.0,0.9975426709560296
680,0.0,0.0,0.0,0.9975448002041599
681,0.0,0.0,0.0,0.9975487497288331
682,0.0,0.0,0.0,0.9975498402480764
683,0.0,0.0,0.0,0.9975518483492164
684,0.0,0.0,0.0,0.9975510596479698
685,0.0,0.0,0.0,0.9975520138384752
686,0.0,0.0,0.0,0.997550769199328
687,0.0,0.0,0.0,0.9975513251232973
688,0.0,0.0,0.0,0.9975490238534374
689,0.0,0.0,0.0,0.9975476246089127
690,0.0,0.0,0.0,0.9975432360361669
691,0.0,0.0,0.0,0.9975406976072769
692,0.0,0.0,0.0,0.9975367558590996
693,0.0,0.0,0.0,0.9975357087022544
694,0.0,0.0,0.0,0.9975330201764627
695,0.0,0.0,0.0,0.9975326907079096
696,0.0,0.0,0.0,0.9975304332484395
697,0.0,0.0,0.0,0.9975304977128597
698,0.0,0.0,0.0,0.9975281484561123
699,0.0,0.0,0.0,0.9975279627572451
700,0.0,0.0,0.0,0.9975255394979561
701,0.0,0.0,0.0,0.9975256574643827
702,0.0,0.0,0.0,0.9975235435925462
703,0.0,0.0,0.0,0.9975238405433167
704,0.0,0.0,0.0,0.9975217010449187
705,0.0,0.0,0.0,0.9975221267603257
706,0.0,0.0,0.0,0.9975200400143063
707,0.0,0.0,0.0,0.9975208182279031
708,0.0,0.0,0.0,0.9975193208249739
709,0.0,0.0,0.0,0.9975208774734863
710,0.0,0.0,0.0,0.9975204629221788
711,0.0,0.0,0.0,0.9975236585586769
712,0.0,0.0,0.0,0.9975253909360067
713,0.0,0.0,0.0,0.9975308780811399
714,0.0,0.0,0.0,0.9975347836490673
715,0.0,0.0,0.0,0.9975414957252764
716,0.0,0.0,0.0,0.9975458826524106
717,0.0,0.0,0.0,0.9975530995583158
718,0.0,0.0,0.0,0.9975588207907902
719,0.0,0.0,0.0,0.9975683199206549
720,0.0,0.0,0.0,0.997576157866412
721,0.0,0.0,0.0,0.9975863541661854
722,0.0,0.0,0.0,0.9975939908279565
723,0.0,0.0,0.0,0.9976042635237258
724,0.0,0.0,0.0,0.9976130082942211
725,0.0,0.0,0.0,0.9976246833561793
726,0.0,0.0,0.0,0.9976342682077668
727,0.0,0.0,0.0,0.997646119366217
728,0.0,0.0,0.0,0.9976551918079435
729,0.0,0.0,0.0,0.9976659542569661
730,0.0,0.0,0.0,0.997673922927101
731,0.0,0.0,0.0,0.9976841600476771
732,0.0,0.0,0.0,0.9976922890471328
733,0.0,0.0,0.0,0.99770269454125
734,0.0,0.0,0.0,0.9977103553695933
735,0.0,0.0,0.0,0.9977194957704336
736,0.0,0.0,0.0,0.9977258630731887
737,0.0,0.0,0.0,0.9977343455935408
738,0.0,0.0,0.0,0.99774031187577
739,0.0,0.0,0.0,0.9977479318083478
740,0.0,0.0,0.0,0.9977527239931897
741,0.0,0.0,0.0,0.9977591234799648
742,0.0,0.0,0.0,0.9977626919724015
743,0.0,0.0,0.0,0.9977678534756531
744,0.0,0.0,0.0,0.9977703754180861
745,0.0,0.0,0.0,0.9977744597686719
746,0.0,0.0,0.0,0.9977757746568674
747,0.0,0.0,0.0,0.9977785410350747
748,0.0,0.0,0.0,0.9977784988363846
749,0.0,0.0,0.0,0.9977797846907817
750,0.0,0.0,0.0,0.9977781416726541
751,0.0,0.0,0.0,0.9977783582615407
752,0.0,0.0,0.0,0.9977763773058508
753,0.0,0.0,0.0,0.9977764343096898
754,0.0,0.0,0.0,0.9977741319510847
755,0.0,0.0,0.0,0.9977738117047381
756,0.0,0.0,0.0,0.9977714748775331
757,0.0,0.0,0.0,0.9977714238225263
758,0.0,0.0,0.0,0.9977695485697091
759,0.0,0.0,0.0,0.9977699777387585
760,0.0,0.0,0.0,0.9977686497642037
761,0.0,0.0,0.0,0.9977693800855089
762,0.0,0.0,0.0,0.9977677410493327
763,0.0,0.0,0.0,0.9977678041287266
764,0.0,0.0,0.0,0.9977656951723065
765,0.0,0.0,0.0,0.9977655794601178
766,0.0,0.0,0.0,0.9977634954109734
767,0.0,0.0,0.0,0.9977633820672515
768,0.0,0.0,0.0,0.9977612851584211
769,0.0,0.0,0.0,0.9977607779209918
770,0.0,0.0,0.0,0.9977577528694368
771,0.0,0.0,0.0,0.9977561168924559
772,0.0,0.0,0.0,0.9977523883080803
773,0.0,0.0,0.0,0.9977506364154404
774,0.0,0.0,0.0,0.9977472114749405
775,0.0,0.0,0.0,0.997745489528146
776,0.0,0.0,0.0,0.9977414155188541
777,0.0,0.0,0.0,0.9977388789515397
778,0.0,0.0,0.0,0.9977340746673483
779,0.0,0.0,0.0,0.9977307860341683
780,0.0,0.0,0.0,0.9977258500671464
781,0.0,0.0,0.0,0.997723395161071
782,0.0,0.0,0.0,0.9977195219627856
783,0.0,0.0,0.0,0.9977178067787046
784,0.0,0.0,0.0,0.9977142904407288
785,0.0,0.0,0.0,0.9977126702916033
786,0.0,0.0,0.0,0.9977091171736755
787,0.0,0.0,0.0,0.9977076822754253
788,0.0,0.0,0.0,0.9977045062434786
789,0.0,0.0,0.0,0.9977030544964516
790,0.0,0.0,0.0,0.9976993381006668
791,0.0,0.0,0.0,0.9976973089546188
792,0.0,0.0,0.0,0.9976931370546466
793,0.0,0.0,0.0,0.9976909523893895
794,0.0,0.0,0.0,0.9976866631780225
795,0.0,0.0,0.0,0.9976842995052185
796,0.0,0.0,0.0,0.9976797403707325
797,0.0,0.0,0.0,0.997677174810671
798,0.0,0.0,0.0,0.9976723437504887
799,0.0,0.0,0.0,0.9976692622483914
800,0.0,0.0,0.0,0.9976638662401491
801,0.0,0.0,0.0,0.9976603704312659
802,0.0,0.0,0.0,0.9976546035339653
803,0.0,0.0,0.0,0.9976507324185743
804,0.0,0.0,0.0,0.9976445260127154
805,0.0,0.0,0.0,0.9976402282216797
806,0.0,0.0,0.0,0.9976337529635988
807,0.0,0.0,0.0,0.9976294946476058
808,0.0,0.0,0.0,0.997623594735993
809,0.0,0.0,0.0,0.9976203204296281
810,0.0,0.0,0.0,0.9976153423121065
811,0.0,0.0,0.0,0.997612773419771
812,0.0,0.0,0.0,0.9976085525012804
813,0.0,0.0,0.0,0.9976069202099694
814,0.0,0.0,0.0,0.9976036048971796
815,0.0,0.0,0.0,0.9976025685421138
816,0.0,0.0,0.0,0.9975996056436267
817,0.0,0.0,0.0,0.997598635709153
818,0.0,0.0,0.0,0.9975955505517277
819,0.0,0.0,0.0,0.9975943250816339
820,0.0,0.0,0.0,0.9975909987939361
821,0.0,0.0,0.0,0.9975897144566428
822,0.0,0.0,0.0,0.9975865086680425
823,0.0,0.0,0.0,0.997585565754081
824,0.0,0.0,0.0,0.9975831458841804
825,0.0,0.0,0.0,0.9975832149623812
826,0.0,0.0,0.0,0.9975815922020523
827,0.0,0.0,0.0,0.9975820024894054
828,0.0,0.0,0.0,0.9975804148901894
829,0.0,0.0,0.0,0.9975807221697602
830,0.0,0.0,0.0,0.9975792719844575
831,0.0,0.0,0.0,0.9975798943718547
832,0.0,0.0,0.0,0.9975784778555489
833,0.0,0.0,0.0,0.9975785333494231
834,0.0,0.0,0.0,0.9975765663457343
835,0.0,0.0,0.0,0.9975763114080317
836,0.0,0.0,0.0,0.997574193375761
837,0.0,0.0,0.0,0.9975739163097601
838,0.0,0.0,0.0,0.9975720534400802
839,0.0,0.0,0.0,0.9975721643118153
840,0.0,0.0,0.0,0.9975707177158019
841,0.0,0.0,0.0,0.9975710134707375
842,0.0,0.0,0.0,0.997569531777865
843,0.0,0.0,0.0,0.9975696165143626
844,0.0,0.0,0.0,0.9975678874300405
845,0.0,0.0,0.0,0.9975675899795182
846,0.0,0.0,0.0,0.9975655684618254
847,0.0,0.0,0.0,0.9975650837828383
848,0.0,0.0,0.0,0.9975628882033574
849,0.0,0.0,0.0,0.9975620803526905
850,0.0,0.0,0.0,0.9975596325609395
851,0.0,0.0,0.0,0.9975589800153025
852,0.0,0.0,0.0,0.9975570389880013
853,0.0,0.0,0.0,0.9975568349464561
854,0.0,0.0,0.0,0.9975548912722549
855,0.0,0.0,0.0,0.9975542072815169
856,0.0,0.0,0.0,0.997551989839677
857,0.0,0.0,0.0,0.9975515614131162
858,0.0,0.0,0.0,0.9975496581438529
859,0.0,0.0,0.0,0.9975491314767853
860,0.0,0.0,0.0,0.9975468311778718
861,0.0,0.0,0.0,0.9975457500932297
862,0.0,0.0,0.0,0.9975428266983424
863,0.0,0.0,0.0,0.9975412479447343
864,0.0,0.0,0.0,0.9975381330538582
865,0.0,0.0,0.0,0.997536824287623
866,0.0,0.0,0.0,0.997534361392657
867,0.0,0.0,0.0,0.9975338567682163
868,0.0,0.0,0.0,0.997532060861716
869,0.0,0.0,0.0,0.9975320572742116
870,0.0,0.0,0.0,0.9975307059380419
871,0.0,0.0,0.0,0.9975308950048798
872,0.0,0.0,0.0,0.9975294550127304
873,0.0,0.0,0.0,0.997529572873852
874,0.0,0.0,0.0,0.9975284095496869
875,0.0,0.0,0.0,0.9975288800821267
876,0.0,0.0,0.0,0.997527758008908
877,0.0,0.0,0.0,0.9975280219064475
878,0.0,0.0,0.0,0.9975265129057054
879,0.0,0.0,0.0,0.9975263385047999
880,0.0,0.0,0.0,0.9975248185345046
881,0.0,0.0,0.0,0.9975251765924338
882,0.0,0.0,0.0,0.997524211309222
883,0.0,0.0,0.0,0.9975246355860574
884,0.0,0.0,0.0,0.9975234179834858
885,0.0,0.0,0.0,0.9975235661884696
886,0.0,0.0,0.0,0.9975221529116267
887,0.0,0.0,0.0,0.9975218902634669
888,0.0,0.0,0.0,0.997519869911267
889,0.0,0.0,0.0,0.9975189672023423
890,0.0,0.0,0.0,0.9975164304440514
891,0.0,0.0,0.0,0.9975151586469602
892,0.0,0.0,0.0,0.9975124346352168
893,0.0,0.0,0.0,0.9975110597000505
894,0.0,0.0,0.0,0.9975082381117564
895,0.0,0.0,0.0,0.99750669925798
896,0.0,0.0,0.0,0.9975037288971266
897,0.0,0.0,0.0,0.9975022887050764
898,0.0,0.0,0.0,0.9974996465277001
899,0.0,0.0,0.0,0.99749808030537
900,0.0,0.0,0.0,0.9974947332012225
901,0.0,0.0,0.0,0.9974922284270504
902,0.0,0.0,0.0,0.9974878010396486
903,0.0,0.0,0.0,0.9974843789602282
904,0.0,0.0,0.0,0.9974797667396008
905,0.0,0.0,0.0,0.9974767454397543
906,0.0,0.0,0.0,0.9974723427490185
907,0.0,0.0,0.0,0.9974690383397431
908,0.0,0.0,0.0,0.9974642705249438
909,0.0,0.0,0.0,0.9974610989479282
910,0.0,0.0,0.0,0.9974571622418902
911,0.0,0.0,0.0,0.9974545349000049
912,0.0,0.0,0.0,0.9974500240986631
913,0.0,0.0,0.0,0.9974462133532968
914,0.0,0.0,0.0,0.9974410459476187
915,0.0,0.0,0.0,0.9974376922146198
916,0.0,0.0,0.0,0.9974336277916396
917,0.0,0.0,0.0,0.9974309818143643
918,0.0,0.0,0.0,0.9974271364451182
919,0.0,0.0,0.0,0.9974248144801767
920,0.0,0.0,0.0,0.9974216945989214
921,0.0,0.0,0.0,0.9974203554888241
922,0.0,0.0,0.0,0.997418255004983
923,0.0,0.0,0.0,0.9974177768263396
924,0.0,0.0,0.0,0.9974162914567212
925,0.0,0.0,0.0,0.997416339732751
926,0.0,0.0,0.0,0.9974155349287854
927,0.0,0.0,0.0,0.9974163504185166
928,0.0,0.0,0.0,0.9974159557466243
929,0.0,0.0,0.0,0.9974162968825986
930,0.0,0.0,0.0,0.9974147497490047
931,0.0,0.0,0.0,0.9974141338565969
932,0.0,0.0,0.0,0.9974122601119597
933,0.0,0.0,0.0,0.9974119788658913
934,0.0,0.0,0.0,0.9974106253611558
935,0.0,0.0,0.0,0.9974107481091368
936,0.0,0.0,0.0,0.9974095437981798
937,0.0,0.0,0.0,0.9974094752821998
938,0.0,0.0,0.0,0.9974080488458194
939,0.0,0.0,0.0,0.9974080855329605
940,0.0,0.0,0.0,0.9974068934498606
941,0.0,0.0,0.0,0.9974067944508019
942,0.0,0.0,0.0,0.9974051473775449
943,0.0,0.0,0.0,0.9974045124088947
944,0.0,0.0,0.0,0.997402433255534
945,0.0,0.0,0.0,0.9974015640978076
946,0.0,0.0,0.0,0.9973992722589791
947,0.0,0.0,0.0,0.9973982633402905
948,0.0,0.0,0.0,0.997396140374755
949,0.0,0.0,0.0,0.9973955982903424
950,0.0,0.0,0.0,0.9973941480996853
951,0.0,0.0,0.0,0.9973943109456137
952,0.0,0.0,0.0,0.9973932658323967
953,0.0,0.0,0.0,0.9973934900050178
954,0.0,0.0,0.0,0.9973922092927103
955,0.0,0.0,0.0,0.9973923520771713
956,0.0,0.0,0.0,0.9973910126190326
957,0.0,0.0,0.0,0.9973910208970651
958,0.0,0.0,0.0,0.9973898870225633
959,0.0,0.0,0.0,0.99739015707419
960,0.0,0.0,0.0,0.9973892376860471
961,0.0,0.0,0.0,0.9973895491635333
962,0.0,0.0,0.0,0.9973885002825441
963,0.0,0.0,0.0,0.9973891154288937
964,0.0,0.0,0.0,0.9973887433225826
965,0.0,0.0,0.0,0.9973900492081053
966,0.0,0.0,0.0,0.9973902019983125
967,0.0,0.0,0.0,0.9973916752721511
968,0.0,0.0,0.0,0.997391809980265
969,0.0,0.0,0.0,0.9973930974124502
970,0.0,0.0,0.0,0.9973928756118656
971,0.0,0.0,0.0,0.9973935334209607
972,0.0,0.0,0.0,0.9973927327881384
973,0.0,0.0,0.0,0.9973930966021383
974,0.0,0.0,0.0,0.9973921833770066
975,0.0,0.0,0.0,0.9973924016079351
976,0.0,0.0,0.0,0.9973913844683283
977,0.0,0.0,0.0,0.997391746611729
978,0.0,0.0,0.0,0.9973908722565834
979,0.0,0.0,0.0,0.9973913452038957
980,0.0,0.0,0.0,0.9973902968672791
981,0.0,0.0,0.0,0.9973904418220909
982,0.0,0.0,0.0,0.997388938445342
983,0.0,0.0,0.0,0.9973884201526878
984,0.0,0.0,0.0,0.9973864089048958
985,0.0,0.0,0.0,0.9973855014983039
986,0.0,0.0,0.0,0.9973829791935505
987,0.0,0.0,0.0,0.9973816800778806
988,0.0,0.0,0.0,0.9973792480176045
989,0.0,0.0,0.0,0.9973784190310035
990,0.0,0.0,0.0,0.997376400158426
991,0.0,0.0,0.0,0.9973755422968764
992,0.0,0.0,0.0,0.9973736275136873
993,0.0,0.0,0.0,0.9973731373642021
994,0.0,0.0,0.0,0.9973712000493432
995,0.0,0.0,0.0,0.9973704117336196
996,0.0,0.0,0.0,0.997368310994548
997,0.0,0.0,0.0,0.9973674995403132
998,0.0,0.0,0.0,0.997365161843897
999,0.0,0.0,0.0,0.9973643136382675
1000,0.0,0.0,0.0,0.9973623951301421
